ctime,relname,pid,mode,granted
1418322844.72958,pg_locks,61174,AccessShareLock,t
1418322844.72958,pg_stat_activity,61177,AccessShareLock,t
1418322844.72958,pg_stat_database,61175,AccessShareLock,t
1418322844.72958,pg_statio_all_tables,61176,AccessShareLock,t
1418322904.73386,customer,61202,RowExclusiveLock,t
1418322904.73386,lineitem,61199,RowExclusiveLock,t
1418322904.73386,orders,61198,RowExclusiveLock,t
1418322904.73386,part,61197,RowExclusiveLock,t
1418322904.73386,partsupp,61195,RowExclusiveLock,t
1418322904.73386,pg_locks,61234,AccessShareLock,t
1418322904.73386,pg_stat_activity,61235,AccessShareLock,t
1418322964.74913,customer,61249,ShareLock,t
1418322964.74913,customer,61247,ShareLock,t
1418322964.74913,customer,61246,ShareLock,t
1418322964.74913,lineitem,61199,RowExclusiveLock,t
1418322964.74913,orders,61198,RowExclusiveLock,t
1418322964.74913,part,61257,ShareLock,t
1418322964.74913,part,61258,ShareLock,f
1418322964.74913,part,61259,ShareLock,f
1418322964.74913,part,61260,ShareLock,f
1418322964.74913,part,61256,AccessExclusiveLock,f
1418322964.74913,partsupp,61195,RowExclusiveLock,t
1418322964.74913,pg_locks,61269,AccessShareLock,t
1418322964.74913,pg_stat_activity,61272,AccessShareLock,t
1418322964.74913,pg_stat_all_indexes,61271,AccessShareLock,t
1418322964.74913,pg_stat_all_tables,61270,AccessShareLock,t
1418322964.74913,pg_stat_database,61273,AccessShareLock,t
1418322964.74913,pg_statio_all_indexes,61271,AccessShareLock,t
1418322964.74913,pg_statio_all_tables,61270,AccessShareLock,t
1418323024.74428,lineitem,61199,RowExclusiveLock,t
1418323024.74428,orders,61198,RowExclusiveLock,t
1418323024.74428,part,61259,ShareLock,f
1418323024.74428,part,61256,AccessExclusiveLock,f
1418323024.74428,part,61260,ShareLock,f
1418323024.74428,part,61257,ShareLock,t
1418323024.74428,part,61258,ShareLock,f
1418323024.74428,partsupp,61195,RowExclusiveLock,t
1418323024.74428,pg_locks,61287,AccessShareLock,t
1418323024.74428,pg_stat_activity,61288,AccessShareLock,t
1418323024.74428,pg_stat_all_indexes,61285,AccessShareLock,t
1418323024.74428,pg_stat_database,61286,AccessShareLock,t
1418323024.74428,pg_statio_all_indexes,61285,AccessShareLock,t
1418323024.74428,pg_statio_all_tables,61289,AccessShareLock,t
1418323084.74844,lineitem,61199,RowExclusiveLock,t
1418323084.74844,orders,61198,RowExclusiveLock,t
1418323084.74844,part,61258,ShareLock,t
1418323084.74844,part,61260,ShareLock,t
1418323084.74844,partsupp,61195,ExclusiveLock,t
1418323084.74844,partsupp,61195,RowExclusiveLock,t
1418323084.74844,pg_locks,61302,AccessShareLock,t
1418323084.74844,pg_stat_activity,61301,AccessShareLock,t
1418323084.74844,pg_stat_database,61300,AccessShareLock,t
1418323084.74844,pg_statio_all_tables,61303,AccessShareLock,t
1418323144.75249,lineitem,61199,RowExclusiveLock,t
1418323144.75249,orders,61198,RowExclusiveLock,t
1418323144.75249,part,61260,ShareLock,t
1418323144.75249,partsupp,61195,ExclusiveLock,t
1418323144.75249,partsupp,61195,RowExclusiveLock,t
1418323144.75249,pg_locks,61322,AccessShareLock,t
1418323144.75249,pg_stat_activity,61323,AccessShareLock,t
1418323144.75249,pg_stat_all_indexes,61324,AccessShareLock,t
1418323204.75787,lineitem,61199,RowExclusiveLock,t
1418323204.75787,orders,61198,RowExclusiveLock,t
1418323204.75787,part,61338,ShareUpdateExclusiveLock,t
1418323204.75787,part_p_container_p_brand_p_partkey_idx,61338,AccessShareLock,t
1418323204.75787,part_p_name_idx,61338,AccessShareLock,t
1418323204.75787,part_p_size_idx,61338,AccessShareLock,t
1418323204.75787,part_p_type_p_partkey_idx,61338,AccessShareLock,t
1418323204.75787,partsupp,61330,AccessExclusiveLock,f
1418323204.75787,partsupp,61329,ShareLock,t
1418323204.75787,pg_locks,61347,AccessShareLock,t
1418323204.75787,pg_stat_activity,61345,AccessShareLock,t
1418323204.75787,pg_stat_all_indexes,61349,AccessShareLock,t
1418323204.75787,pg_stat_all_tables,61346,AccessShareLock,t
1418323204.75787,pg_stat_database,61348,AccessShareLock,t
1418323204.75787,pg_statio_all_indexes,61349,AccessShareLock,t
1418323204.75787,pg_statio_all_tables,61346,AccessShareLock,t
1418323204.75787,pk_part,61338,AccessShareLock,t
1418323264.76298,lineitem,61199,RowExclusiveLock,t
1418323264.76298,orders,61198,RowExclusiveLock,t
1418323264.76298,partsupp,61330,AccessExclusiveLock,f
1418323264.76298,partsupp,61329,ShareLock,t
1418323264.76298,pg_locks,61363,AccessShareLock,t
1418323264.76298,pg_stat_activity,61361,AccessShareLock,t
1418323264.76298,pg_stat_all_indexes,61360,AccessShareLock,t
1418323264.76298,pg_stat_all_tables,61362,AccessShareLock,t
1418323264.76298,pg_stat_database,61364,AccessShareLock,t
1418323264.76298,pg_statio_all_indexes,61360,AccessShareLock,t
1418323264.76298,pg_statio_all_tables,61362,AccessShareLock,t
1418323324.76416,lineitem,61199,RowExclusiveLock,t
1418323324.76416,orders,61198,RowExclusiveLock,t
1418323324.76416,partsupp,61330,AccessExclusiveLock,f
1418323324.76416,partsupp,61329,ShareLock,t
1418323324.76416,pg_locks,61376,AccessShareLock,t
1418323324.76416,pg_stat_activity,61378,AccessShareLock,t
1418323324.76416,pg_stat_all_indexes,61379,AccessShareLock,t
1418323324.76416,pg_stat_database,61377,AccessShareLock,t
1418323324.76416,pg_statio_all_tables,61380,AccessShareLock,t
1418323384.76819,lineitem,61199,RowExclusiveLock,t
1418323384.76819,orders,61198,RowExclusiveLock,t
1418323384.76819,orders,61198,ExclusiveLock,t
1418323384.76819,partsupp,61330,AccessExclusiveLock,f
1418323384.76819,partsupp,61329,ShareLock,t
1418323384.76819,pg_locks,61390,AccessShareLock,t
1418323384.76819,pg_stat_activity,61392,AccessShareLock,t
1418323384.76819,pg_stat_database,61391,AccessShareLock,t
1418323444.77305,lineitem,61199,RowExclusiveLock,t
1418323444.77305,orders,61401,ShareLock,t
1418323444.77305,orders,61401,AccessExclusiveLock,t
1418323444.77305,orders,61403,ShareLock,f
1418323444.77305,orders,61402,ShareLock,f
1418323444.77305,partsupp,61330,AccessExclusiveLock,t
1418323444.77305,partsupp,61330,ShareLock,t
1418323444.77305,pg_locks,61410,AccessShareLock,t
1418323444.77305,pg_stat_all_indexes,61412,AccessShareLock,t
1418323444.77305,pg_stat_database,61411,AccessShareLock,t
1418323444.77305,pg_statio_all_indexes,61412,AccessShareLock,t
1418323444.77305,pg_statio_all_tables,61413,AccessShareLock,t
1418323504.77435,lineitem,61199,RowExclusiveLock,t
1418323504.77435,orders,61401,ShareLock,t
1418323504.77435,orders,61401,AccessExclusiveLock,t
1418323504.77435,orders,61402,ShareLock,f
1418323504.77435,orders,61403,ShareLock,f
1418323504.77435,partsupp,61330,ShareLock,t
1418323504.77435,partsupp,61330,AccessExclusiveLock,t
1418323504.77435,pg_locks,61430,AccessShareLock,t
1418323564.78459,lineitem,61199,RowExclusiveLock,t
1418323564.78459,orders,61401,AccessExclusiveLock,t
1418323564.78459,orders,61403,ShareLock,f
1418323564.78459,orders,61402,ShareLock,f
1418323564.78459,orders,61401,ShareLock,t
1418323564.78459,pg_locks,61449,AccessShareLock,t
1418323564.78459,pg_stat_activity,61446,AccessShareLock,t
1418323564.78459,pg_stat_all_indexes,61448,AccessShareLock,t
1418323564.78459,pg_stat_all_tables,61447,AccessShareLock,t
1418323564.78459,pg_stat_database,61450,AccessShareLock,t
1418323564.78459,pg_statio_all_indexes,61448,AccessShareLock,t
1418323564.78459,pg_statio_all_tables,61447,AccessShareLock,t
1418323624.78589,lineitem,61199,RowExclusiveLock,t
1418323624.78589,orders,61401,AccessExclusiveLock,t
1418323624.78589,orders,61403,ShareLock,f
1418323624.78589,orders,61402,ShareLock,f
1418323624.78589,orders,61401,ShareLock,t
1418323624.78589,pg_locks,61461,AccessShareLock,t
1418323624.78589,pg_stat_activity,61464,AccessShareLock,t
1418323624.78589,pg_stat_all_indexes,61463,AccessShareLock,t
1418323624.78589,pg_stat_all_tables,61462,AccessShareLock,t
1418323624.78589,pg_statio_all_indexes,61463,AccessShareLock,t
1418323624.78589,pg_statio_all_tables,61462,AccessShareLock,t
1418323684.79008,lineitem,61199,RowExclusiveLock,t
1418323684.79008,orders,61402,ShareLock,t
1418323684.79008,orders,61403,ShareLock,t
1418323684.79008,pg_locks,61476,AccessShareLock,t
1418323684.79008,pg_stat_activity,61480,AccessShareLock,t
1418323684.79008,pg_stat_all_indexes,61479,AccessShareLock,t
1418323684.79008,pg_stat_all_tables,61478,AccessShareLock,t
1418323684.79008,pg_stat_database,61477,AccessShareLock,t
1418323684.79008,pg_statio_all_indexes,61479,AccessShareLock,t
1418323684.79008,pg_statio_all_tables,61478,AccessShareLock,t
1418323744.79217,lineitem,61199,RowExclusiveLock,t
1418323744.79217,orders,61402,ShareLock,t
1418323744.79217,pg_locks,61492,AccessShareLock,t
1418323744.79217,pg_stat_activity,61493,AccessShareLock,t
1418323744.79217,pg_stat_all_indexes,61494,AccessShareLock,t
1418323744.79217,pg_stat_database,61491,AccessShareLock,t
1418323744.79217,pg_statio_all_indexes,61494,AccessShareLock,t
1418323744.79217,pg_statio_all_tables,61495,AccessShareLock,t
1418323804.79899,lineitem,61199,RowExclusiveLock,t
1418323804.79899,orders,61402,ShareLock,t
1418323804.79899,pg_locks,61511,AccessShareLock,t
1418323804.79899,pg_stat_activity,61509,AccessShareLock,t
1418323864.80195,lineitem,61199,RowExclusiveLock,t
1418323864.80195,orders,61402,ShareLock,t
1418323864.80195,pg_locks,61524,AccessShareLock,t
1418323864.80195,pg_stat_all_indexes,61525,AccessShareLock,t
1418323864.80195,pg_statio_all_indexes,61525,AccessShareLock,t
1418323924.80571,lineitem,61199,RowExclusiveLock,t
1418323924.80571,pg_locks,61540,AccessShareLock,t
1418323924.80571,pg_stat_activity,61542,AccessShareLock,t
1418323924.80571,pg_stat_database,61541,AccessShareLock,t
1418323924.80571,pg_statio_all_tables,61543,AccessShareLock,t
1418323984.81582,lineitem,61199,RowExclusiveLock,t
1418323984.81582,pg_locks,61559,AccessShareLock,t
1418323984.81582,pg_stat_activity,61556,AccessShareLock,t
1418323984.81582,pg_stat_all_indexes,61557,AccessShareLock,t
1418323984.81582,pg_stat_all_tables,61558,AccessShareLock,t
1418323984.81582,pg_stat_database,61555,AccessShareLock,t
1418323984.81582,pg_statio_all_indexes,61557,AccessShareLock,t
1418323984.81582,pg_statio_all_tables,61558,AccessShareLock,t
1418324044.81938,lineitem,61199,RowExclusiveLock,t
1418324044.81938,pg_locks,61569,AccessShareLock,t
1418324044.81938,pg_stat_activity,61573,AccessShareLock,t
1418324044.81938,pg_stat_all_indexes,61572,AccessShareLock,t
1418324044.81938,pg_stat_all_tables,61571,AccessShareLock,t
1418324044.81938,pg_stat_database,61570,AccessShareLock,t
1418324044.81938,pg_statio_all_indexes,61572,AccessShareLock,t
1418324044.81938,pg_statio_all_tables,61571,AccessShareLock,t
1418324104.82189,lineitem,61199,RowExclusiveLock,t
1418324104.82189,pg_locks,61589,AccessShareLock,t
1418324104.82189,pg_stat_activity,61591,AccessShareLock,t
1418324104.82189,pg_stat_all_indexes,61590,AccessShareLock,t
1418324104.82189,pg_stat_database,61593,AccessShareLock,t
1418324104.82189,pg_statio_all_indexes,61590,AccessShareLock,t
1418324104.82189,pg_statio_all_tables,61592,AccessShareLock,t
1418324164.82533,lineitem,61199,RowExclusiveLock,t
1418324164.82533,pg_locks,61603,AccessShareLock,t
1418324164.82533,pg_stat_all_indexes,61605,AccessShareLock,t
1418324164.82533,pg_stat_database,61604,AccessShareLock,t
1418324224.83324,lineitem,61199,RowExclusiveLock,t
1418324224.83324,pg_locks,61618,AccessShareLock,t
1418324224.83324,pg_stat_activity,61620,AccessShareLock,t
1418324224.83324,pg_stat_all_indexes,61621,AccessShareLock,t
1418324224.83324,pg_stat_all_tables,61619,AccessShareLock,t
1418324224.83324,pg_statio_all_tables,61619,AccessShareLock,t
1418324284.83635,lineitem,61199,RowExclusiveLock,t
1418324284.83635,pg_locks,61632,AccessShareLock,t
1418324344.84342,lineitem,61199,RowExclusiveLock,t
1418324344.84342,pg_locks,61646,AccessShareLock,t
1418324404.85057,lineitem,61199,RowExclusiveLock,t
1418324404.85057,pg_locks,61777,AccessShareLock,t
1418324404.85057,pg_stat_activity,61781,AccessShareLock,t
1418324404.85057,pg_stat_all_indexes,61778,AccessShareLock,t
1418324404.85057,pg_stat_database,61779,AccessShareLock,t
1418324404.85057,pg_statio_all_indexes,61778,AccessShareLock,t
1418324404.85057,pg_statio_all_tables,61780,AccessShareLock,t
1418324464.85479,lineitem,61199,ExclusiveLock,t
1418324464.85479,lineitem,61199,RowExclusiveLock,t
1418324464.85479,pg_locks,61793,AccessShareLock,t
1418324464.85479,pg_stat_all_indexes,61795,AccessShareLock,t
1418324464.85479,pg_stat_all_tables,61794,AccessShareLock,t
1418324464.85479,pg_stat_database,61791,AccessShareLock,t
1418324464.85479,pg_statio_all_indexes,61795,AccessShareLock,t
1418324464.85479,pg_statio_all_tables,61794,AccessShareLock,t
1418324524.85674,lineitem,61199,RowExclusiveLock,t
1418324524.85674,pg_locks,61805,AccessShareLock,t
1418324524.85674,pg_stat_activity,61807,AccessShareLock,t
1418324524.85674,pg_stat_all_indexes,61806,AccessShareLock,t
1418324524.85674,pg_statio_all_indexes,61806,AccessShareLock,t
1418324584.86206,lineitem,61199,RowExclusiveLock,t
1418324584.86206,pg_locks,61822,AccessShareLock,t
1418324584.86206,pg_stat_activity,61821,AccessShareLock,t
1418324584.86206,pg_stat_all_indexes,61820,AccessShareLock,t
1418324584.86206,pg_stat_all_tables,61819,AccessShareLock,t
1418324584.86206,pg_stat_database,61823,AccessShareLock,t
1418324584.86206,pg_statio_all_indexes,61820,AccessShareLock,t
1418324584.86206,pg_statio_all_tables,61819,AccessShareLock,t
1418324644.8669,lineitem,61199,ExclusiveLock,t
1418324644.8669,lineitem,61199,RowExclusiveLock,t
1418324644.8669,pg_locks,61835,AccessShareLock,t
1418324644.8669,pg_stat_all_indexes,61836,AccessShareLock,t
1418324644.8669,pg_stat_all_tables,61837,AccessShareLock,t
1418324644.8669,pg_stat_database,61838,AccessShareLock,t
1418324644.8669,pg_statio_all_indexes,61836,AccessShareLock,t
1418324644.8669,pg_statio_all_tables,61837,AccessShareLock,t
1418324704.86725,lineitem,61199,RowExclusiveLock,t
1418324704.86725,pg_locks,61854,AccessShareLock,t
1418324704.86725,pg_stat_all_indexes,61857,AccessShareLock,t
1418324704.86725,pg_stat_all_tables,61858,AccessShareLock,t
1418324704.86725,pg_stat_database,61856,AccessShareLock,t
1418324704.86725,pg_statio_all_indexes,61857,AccessShareLock,t
1418324704.86725,pg_statio_all_tables,61858,AccessShareLock,t
1418324764.86994,lineitem,61199,RowExclusiveLock,t
1418324764.86994,pg_locks,61868,AccessShareLock,t
1418324764.86994,pg_stat_all_indexes,61870,AccessShareLock,t
1418324764.86994,pg_stat_database,61869,AccessShareLock,t
1418324764.86994,pg_statio_all_indexes,61870,AccessShareLock,t
1418324824.90557,lineitem,61199,RowExclusiveLock,t
1418324824.90557,pg_locks,61884,AccessShareLock,t
1418324824.90557,pg_stat_activity,61883,AccessShareLock,t
1418324824.90557,pg_stat_all_indexes,61886,AccessShareLock,t
1418324824.90557,pg_stat_database,61882,AccessShareLock,t
1418324824.90557,pg_statio_all_indexes,61886,AccessShareLock,t
1418324884.92529,lineitem,61199,ExclusiveLock,t
1418324884.92529,lineitem,61199,RowExclusiveLock,t
1418324884.92529,pg_locks,61896,AccessShareLock,t
1418324884.92529,pg_stat_activity,61899,AccessShareLock,t
1418324884.92529,pg_stat_all_indexes,61898,AccessShareLock,t
1418324884.92529,pg_stat_all_tables,61900,AccessShareLock,t
1418324884.92529,pg_stat_database,61897,AccessShareLock,t
1418324884.92529,pg_statio_all_indexes,61898,AccessShareLock,t
1418324884.92529,pg_statio_all_tables,61900,AccessShareLock,t
1418324944.91686,lineitem,61199,RowExclusiveLock,t
1418324944.91686,pg_locks,61920,AccessShareLock,t
1418324944.91686,pg_stat_activity,61919,AccessShareLock,t
1418324944.91686,pg_stat_all_indexes,61921,AccessShareLock,t
1418324944.91686,pg_stat_all_tables,61918,AccessShareLock,t
1418324944.91686,pg_stat_database,61917,AccessShareLock,t
1418324944.91686,pg_statio_all_indexes,61921,AccessShareLock,t
1418324944.91686,pg_statio_all_tables,61918,AccessShareLock,t
1418325004.91753,lineitem,61199,RowExclusiveLock,t
1418325004.91753,pg_locks,61934,AccessShareLock,t
1418325004.91753,pg_stat_activity,61937,AccessShareLock,t
1418325004.91753,pg_stat_all_indexes,61935,AccessShareLock,t
1418325004.91753,pg_statio_all_indexes,61935,AccessShareLock,t
1418325004.91753,pg_statio_all_tables,61936,AccessShareLock,t
1418325064.92138,lineitem,61199,RowExclusiveLock,t
1418325064.92138,pg_locks,61949,AccessShareLock,t
1418325064.92138,pg_stat_activity,61950,AccessShareLock,t
1418325064.92138,pg_stat_all_indexes,61953,AccessShareLock,t
1418325064.92138,pg_stat_all_tables,61951,AccessShareLock,t
1418325064.92138,pg_stat_database,61952,AccessShareLock,t
1418325064.92138,pg_statio_all_indexes,61953,AccessShareLock,t
1418325064.92138,pg_statio_all_tables,61951,AccessShareLock,t
1418325124.9256,lineitem,61199,RowExclusiveLock,t
1418325124.9256,pg_locks,61964,AccessShareLock,t
1418325124.9256,pg_stat_activity,61968,AccessShareLock,t
1418325124.9256,pg_stat_all_indexes,61965,AccessShareLock,t
1418325124.9256,pg_stat_database,61967,AccessShareLock,t
1418325124.9256,pg_statio_all_indexes,61965,AccessShareLock,t
1418325124.9256,pg_statio_all_tables,61966,AccessShareLock,t
1418325184.92942,lineitem,61199,RowExclusiveLock,t
1418325184.92942,pg_locks,61979,AccessShareLock,t
1418325184.92942,pg_stat_all_indexes,61982,AccessShareLock,t
1418325184.92942,pg_stat_all_tables,61983,AccessShareLock,t
1418325184.92942,pg_stat_database,61981,AccessShareLock,t
1418325184.92942,pg_statio_all_indexes,61982,AccessShareLock,t
1418325184.92942,pg_statio_all_tables,61983,AccessShareLock,t
1418325244.9406,lineitem,61199,RowExclusiveLock,t
1418325244.9406,pg_locks,61997,AccessShareLock,t
1418325244.9406,pg_stat_all_indexes,61996,AccessShareLock,t
1418325244.9406,pg_stat_all_tables,61995,AccessShareLock,t
1418325244.9406,pg_stat_database,61994,AccessShareLock,t
1418325244.9406,pg_statio_all_indexes,61996,AccessShareLock,t
1418325244.9406,pg_statio_all_tables,61995,AccessShareLock,t
1418325304.93644,lineitem,61199,RowExclusiveLock,t
1418325304.93644,pg_locks,62013,AccessShareLock,t
1418325364.94507,lineitem,61199,RowExclusiveLock,t
1418325364.94507,pg_locks,62031,AccessShareLock,t
1418325364.94507,pg_stat_all_indexes,62028,AccessShareLock,t
1418325364.94507,pg_stat_all_tables,62029,AccessShareLock,t
1418325364.94507,pg_stat_database,62027,AccessShareLock,t
1418325364.94507,pg_statio_all_indexes,62028,AccessShareLock,t
1418325364.94507,pg_statio_all_tables,62029,AccessShareLock,t
1418325424.9441,lineitem,61199,RowExclusiveLock,t
1418325424.9441,pg_locks,62044,AccessShareLock,t
1418325424.9441,pg_stat_activity,62046,AccessShareLock,t
1418325424.9441,pg_stat_all_indexes,62045,AccessShareLock,t
1418325484.9505,lineitem,61199,RowExclusiveLock,t
1418325484.9505,pg_locks,62061,AccessShareLock,t
1418325484.9505,pg_stat_all_indexes,62060,AccessShareLock,t
1418325484.9505,pg_stat_all_tables,62059,AccessShareLock,t
1418325484.9505,pg_stat_database,62062,AccessShareLock,t
1418325484.9505,pg_statio_all_indexes,62060,AccessShareLock,t
1418325484.9505,pg_statio_all_tables,62059,AccessShareLock,t
1418325544.95472,lineitem,61199,ExclusiveLock,t
1418325544.95472,lineitem,61199,RowExclusiveLock,t
1418325544.95472,pg_locks,62073,AccessShareLock,t
1418325544.95472,pg_stat_activity,62076,AccessShareLock,t
1418325544.95472,pg_stat_all_indexes,62075,AccessShareLock,t
1418325544.95472,pg_stat_all_tables,62074,AccessShareLock,t
1418325544.95472,pg_stat_database,62077,AccessShareLock,t
1418325544.95472,pg_statio_all_indexes,62075,AccessShareLock,t
1418325544.95472,pg_statio_all_tables,62074,AccessShareLock,t
1418325604.95532,lineitem,61199,RowExclusiveLock,t
1418325604.95532,pg_locks,62090,AccessShareLock,t
1418325604.95532,pg_stat_activity,62093,AccessShareLock,t
1418325604.95532,pg_stat_all_indexes,62092,AccessShareLock,t
1418325604.95532,pg_stat_all_tables,62091,AccessShareLock,t
1418325604.95532,pg_stat_database,62094,AccessShareLock,t
1418325604.95532,pg_statio_all_indexes,62092,AccessShareLock,t
1418325604.95532,pg_statio_all_tables,62091,AccessShareLock,t
1418325664.95909,lineitem,61199,RowExclusiveLock,t
1418325664.95909,pg_locks,62105,AccessShareLock,t
1418325664.95909,pg_stat_activity,62109,AccessShareLock,t
1418325664.95909,pg_stat_all_indexes,62108,AccessShareLock,t
1418325664.95909,pg_stat_all_tables,62107,AccessShareLock,t
1418325664.95909,pg_stat_database,62106,AccessShareLock,t
1418325664.95909,pg_statio_all_indexes,62108,AccessShareLock,t
1418325664.95909,pg_statio_all_tables,62107,AccessShareLock,t
1418325724.9635,lineitem,61199,RowExclusiveLock,t
1418325724.9635,pg_locks,62119,AccessShareLock,t
1418325724.9635,pg_stat_activity,62121,AccessShareLock,t
1418325724.9635,pg_stat_all_indexes,62123,AccessShareLock,t
1418325724.9635,pg_stat_all_tables,62120,AccessShareLock,t
1418325724.9635,pg_stat_database,62122,AccessShareLock,t
1418325724.9635,pg_statio_all_indexes,62123,AccessShareLock,t
1418325724.9635,pg_statio_all_tables,62120,AccessShareLock,t
1418325784.96648,lineitem,61199,RowExclusiveLock,t
1418325784.96648,pg_locks,62133,AccessShareLock,t
1418325784.96648,pg_stat_all_indexes,62135,AccessShareLock,t
1418325784.96648,pg_stat_all_tables,62136,AccessShareLock,t
1418325784.96648,pg_stat_database,62137,AccessShareLock,t
1418325784.96648,pg_statio_all_indexes,62135,AccessShareLock,t
1418325784.96648,pg_statio_all_tables,62136,AccessShareLock,t
1418325844.9724,lineitem,61199,RowExclusiveLock,t
1418325844.9724,pg_locks,62147,AccessShareLock,t
1418325844.9724,pg_stat_activity,62148,AccessShareLock,t
1418325844.9724,pg_stat_all_indexes,62151,AccessShareLock,t
1418325844.9724,pg_stat_all_tables,62150,AccessShareLock,t
1418325844.9724,pg_stat_database,62149,AccessShareLock,t
1418325844.9724,pg_statio_all_tables,62150,AccessShareLock,t
1418325904.98028,lineitem,62164,ShareLock,f
1418325904.98028,lineitem,62160,AccessExclusiveLock,t
1418325904.98028,lineitem,62160,ShareLock,t
1418325904.98028,lineitem,62166,ShareLock,f
1418325904.98028,lineitem,62163,ShareLock,f
1418325904.98028,lineitem,62162,ShareLock,f
1418325904.98028,lineitem,62165,ShareLock,f
1418325904.98028,lineitem,62161,ShareLock,f
1418325904.98028,lineitem,62167,ShareLock,f
1418325904.98028,pg_locks,62187,AccessShareLock,t
1418325904.98028,pg_stat_activity,62185,AccessShareLock,t
1418325904.98028,pg_stat_all_indexes,62184,AccessShareLock,t
1418325904.98028,pg_stat_all_tables,62186,AccessShareLock,t
1418325904.98028,pg_stat_database,62188,AccessShareLock,t
1418325904.98028,pg_statio_all_indexes,62184,AccessShareLock,t
1418325904.98028,pg_statio_all_tables,62186,AccessShareLock,t
1418325964.9812,lineitem,62164,ShareLock,f
1418325964.9812,lineitem,62160,AccessExclusiveLock,t
1418325964.9812,lineitem,62160,ShareLock,t
1418325964.9812,lineitem,62166,ShareLock,f
1418325964.9812,lineitem,62163,ShareLock,f
1418325964.9812,lineitem,62162,ShareLock,f
1418325964.9812,lineitem,62165,ShareLock,f
1418325964.9812,lineitem,62161,ShareLock,f
1418325964.9812,lineitem,62167,ShareLock,f
1418325964.9812,pg_locks,62199,AccessShareLock,t
1418325964.9812,pg_stat_activity,62202,AccessShareLock,t
1418325964.9812,pg_stat_all_indexes,62203,AccessShareLock,t
1418325964.9812,pg_stat_all_tables,62201,AccessShareLock,t
1418325964.9812,pg_stat_database,62200,AccessShareLock,t
1418325964.9812,pg_statio_all_indexes,62203,AccessShareLock,t
1418325964.9812,pg_statio_all_tables,62201,AccessShareLock,t
1418326025.00729,lineitem,62164,ShareLock,f
1418326025.00729,lineitem,62160,ShareLock,t
1418326025.00729,lineitem,62166,ShareLock,f
1418326025.00729,lineitem,62163,ShareLock,f
1418326025.00729,lineitem,62162,ShareLock,f
1418326025.00729,lineitem,62165,ShareLock,f
1418326025.00729,lineitem,62161,ShareLock,f
1418326025.00729,lineitem,62167,ShareLock,f
1418326025.00729,lineitem,62160,AccessExclusiveLock,t
1418326025.00729,pg_locks,62215,AccessShareLock,t
1418326025.00729,pg_stat_all_indexes,62217,AccessShareLock,t
1418326025.00729,pg_stat_all_tables,62214,AccessShareLock,t
1418326025.00729,pg_stat_database,62216,AccessShareLock,t
1418326025.00729,pg_statio_all_indexes,62217,AccessShareLock,t
1418326025.00729,pg_statio_all_tables,62214,AccessShareLock,t
1418326084.99088,lineitem,62164,ShareLock,f
1418326084.99088,lineitem,62160,ShareLock,t
1418326084.99088,lineitem,62166,ShareLock,f
1418326084.99088,lineitem,62163,ShareLock,f
1418326084.99088,lineitem,62162,ShareLock,f
1418326084.99088,lineitem,62165,ShareLock,f
1418326084.99088,lineitem,62161,ShareLock,f
1418326084.99088,lineitem,62167,ShareLock,f
1418326084.99088,lineitem,62160,AccessExclusiveLock,t
1418326084.99088,pg_locks,62229,AccessShareLock,t
1418326084.99088,pg_stat_activity,62231,AccessShareLock,t
1418326084.99088,pg_stat_all_indexes,62232,AccessShareLock,t
1418326084.99088,pg_stat_all_tables,62228,AccessShareLock,t
1418326084.99088,pg_stat_database,62230,AccessShareLock,t
1418326084.99088,pg_statio_all_tables,62228,AccessShareLock,t
1418326145.00329,lineitem,62164,ShareLock,f
1418326145.00329,lineitem,62160,ShareLock,t
1418326145.00329,lineitem,62166,ShareLock,f
1418326145.00329,lineitem,62163,ShareLock,f
1418326145.00329,lineitem,62162,ShareLock,f
1418326145.00329,lineitem,62165,ShareLock,f
1418326145.00329,lineitem,62161,ShareLock,f
1418326145.00329,lineitem,62167,ShareLock,f
1418326145.00329,lineitem,62160,AccessExclusiveLock,t
1418326145.00329,pg_locks,62245,AccessShareLock,t
1418326145.00329,pg_stat_all_indexes,62242,AccessShareLock,t
1418326145.00329,pg_stat_all_tables,62244,AccessShareLock,t
1418326145.00329,pg_stat_database,62246,AccessShareLock,t
1418326145.00329,pg_statio_all_indexes,62242,AccessShareLock,t
1418326145.00329,pg_statio_all_tables,62244,AccessShareLock,t
1418326205.00414,lineitem,62164,ShareLock,f
1418326205.00414,lineitem,62160,AccessExclusiveLock,t
1418326205.00414,lineitem,62160,ShareLock,t
1418326205.00414,lineitem,62166,ShareLock,f
1418326205.00414,lineitem,62163,ShareLock,f
1418326205.00414,lineitem,62162,ShareLock,f
1418326205.00414,lineitem,62165,ShareLock,f
1418326205.00414,lineitem,62161,ShareLock,f
1418326205.00414,lineitem,62167,ShareLock,f
1418326205.00414,pg_locks,62261,AccessShareLock,t
1418326205.00414,pg_stat_activity,62259,AccessShareLock,t
1418326205.00414,pg_stat_all_indexes,62260,AccessShareLock,t
1418326205.00414,pg_stat_all_tables,62263,AccessShareLock,t
1418326205.00414,pg_stat_database,62262,AccessShareLock,t
1418326205.00414,pg_statio_all_indexes,62260,AccessShareLock,t
1418326205.00414,pg_statio_all_tables,62263,AccessShareLock,t
1418326265.00877,lineitem,62164,ShareLock,f
1418326265.00877,lineitem,62160,ShareLock,t
1418326265.00877,lineitem,62166,ShareLock,f
1418326265.00877,lineitem,62163,ShareLock,f
1418326265.00877,lineitem,62162,ShareLock,f
1418326265.00877,lineitem,62165,ShareLock,f
1418326265.00877,lineitem,62161,ShareLock,f
1418326265.00877,lineitem,62167,ShareLock,f
1418326265.00877,lineitem,62160,AccessExclusiveLock,t
1418326265.00877,pg_locks,62277,AccessShareLock,t
1418326265.00877,pg_stat_all_indexes,62276,AccessShareLock,t
1418326265.00877,pg_stat_all_tables,62275,AccessShareLock,t
1418326265.00877,pg_stat_database,62274,AccessShareLock,t
1418326265.00877,pg_statio_all_indexes,62276,AccessShareLock,t
1418326265.00877,pg_statio_all_tables,62275,AccessShareLock,t
1418326325.01372,lineitem,62164,ShareLock,f
1418326325.01372,lineitem,62166,ShareLock,f
1418326325.01372,lineitem,62163,ShareLock,f
1418326325.01372,lineitem,62162,ShareLock,f
1418326325.01372,lineitem,62165,ShareLock,f
1418326325.01372,lineitem,62161,ShareLock,f
1418326325.01372,lineitem,62167,ShareLock,f
1418326325.01372,lineitem,62160,AccessExclusiveLock,t
1418326325.01372,lineitem,62160,ShareLock,t
1418326325.01372,pg_locks,62287,AccessShareLock,t
1418326325.01372,pg_stat_activity,62288,AccessShareLock,t
1418326325.01372,pg_stat_all_tables,62289,AccessShareLock,t
1418326325.01372,pg_stat_database,62290,AccessShareLock,t
1418326325.01372,pg_statio_all_tables,62289,AccessShareLock,t
1418326385.01713,lineitem,62164,ShareLock,f
1418326385.01713,lineitem,62166,ShareLock,f
1418326385.01713,lineitem,62163,ShareLock,f
1418326385.01713,lineitem,62162,ShareLock,f
1418326385.01713,lineitem,62165,ShareLock,f
1418326385.01713,lineitem,62161,ShareLock,f
1418326385.01713,lineitem,62167,ShareLock,f
1418326385.01713,lineitem,62160,AccessExclusiveLock,t
1418326385.01713,lineitem,62160,ShareLock,t
1418326385.01713,pg_locks,62302,AccessShareLock,t
1418326385.01713,pg_stat_activity,62305,AccessShareLock,t
1418326385.01713,pg_stat_all_indexes,62304,AccessShareLock,t
1418326385.01713,pg_stat_database,62303,AccessShareLock,t
1418326385.01713,pg_statio_all_indexes,62304,AccessShareLock,t
1418326445.02489,lineitem,62164,ShareLock,f
1418326445.02489,lineitem,62160,AccessExclusiveLock,t
1418326445.02489,lineitem,62160,ShareLock,t
1418326445.02489,lineitem,62166,ShareLock,f
1418326445.02489,lineitem,62163,ShareLock,f
1418326445.02489,lineitem,62162,ShareLock,f
1418326445.02489,lineitem,62165,ShareLock,f
1418326445.02489,lineitem,62161,ShareLock,f
1418326445.02489,lineitem,62167,ShareLock,f
1418326445.02489,pg_locks,62321,AccessShareLock,t
1418326445.02489,pg_stat_activity,62320,AccessShareLock,t
1418326445.02489,pg_stat_all_indexes,62318,AccessShareLock,t
1418326445.02489,pg_stat_all_tables,62319,AccessShareLock,t
1418326445.02489,pg_stat_database,62322,AccessShareLock,t
1418326445.02489,pg_statio_all_indexes,62318,AccessShareLock,t
1418326445.02489,pg_statio_all_tables,62319,AccessShareLock,t
1418326505.02791,lineitem,62164,ShareLock,f
1418326505.02791,lineitem,62160,ShareLock,t
1418326505.02791,lineitem,62166,ShareLock,f
1418326505.02791,lineitem,62163,ShareLock,f
1418326505.02791,lineitem,62162,ShareLock,f
1418326505.02791,lineitem,62165,ShareLock,f
1418326505.02791,lineitem,62161,ShareLock,f
1418326505.02791,lineitem,62167,ShareLock,f
1418326505.02791,lineitem,62160,AccessExclusiveLock,t
1418326505.02791,pg_locks,62342,AccessShareLock,t
1418326505.02791,pg_stat_all_indexes,62339,AccessShareLock,t
1418326505.02791,pg_stat_all_tables,62340,AccessShareLock,t
1418326505.02791,pg_stat_database,62338,AccessShareLock,t
1418326505.02791,pg_statio_all_indexes,62339,AccessShareLock,t
1418326505.02791,pg_statio_all_tables,62340,AccessShareLock,t
1418326565.02851,lineitem,62164,ShareLock,f
1418326565.02851,lineitem,62160,ShareLock,t
1418326565.02851,lineitem,62166,ShareLock,f
1418326565.02851,lineitem,62163,ShareLock,f
1418326565.02851,lineitem,62162,ShareLock,f
1418326565.02851,lineitem,62165,ShareLock,f
1418326565.02851,lineitem,62161,ShareLock,f
1418326565.02851,lineitem,62167,ShareLock,f
1418326565.02851,lineitem,62160,AccessExclusiveLock,t
1418326565.02851,pg_locks,62352,AccessShareLock,t
1418326565.02851,pg_stat_activity,62355,AccessShareLock,t
1418326565.02851,pg_stat_all_indexes,62353,AccessShareLock,t
1418326565.02851,pg_stat_all_tables,62354,AccessShareLock,t
1418326565.02851,pg_statio_all_indexes,62353,AccessShareLock,t
1418326565.02851,pg_statio_all_tables,62354,AccessShareLock,t
1418326625.0318,lineitem,62164,ShareLock,f
1418326625.0318,lineitem,62163,ShareLock,f
1418326625.0318,lineitem,62162,ShareLock,f
1418326625.0318,lineitem,62165,ShareLock,f
1418326625.0318,lineitem,62161,ShareLock,f
1418326625.0318,lineitem,62167,ShareLock,f
1418326625.0318,lineitem,62160,AccessExclusiveLock,t
1418326625.0318,lineitem,62160,ShareLock,t
1418326625.0318,lineitem,62166,ShareLock,f
1418326625.0318,pg_locks,62366,AccessShareLock,t
1418326625.0318,pg_stat_all_indexes,62368,AccessShareLock,t
1418326625.0318,pg_stat_all_tables,62367,AccessShareLock,t
1418326625.0318,pg_statio_all_tables,62367,AccessShareLock,t
1418326685.03568,lineitem,62164,ShareLock,f
1418326685.03568,lineitem,62160,ShareLock,t
1418326685.03568,lineitem,62166,ShareLock,f
1418326685.03568,lineitem,62163,ShareLock,f
1418326685.03568,lineitem,62162,ShareLock,f
1418326685.03568,lineitem,62165,ShareLock,f
1418326685.03568,lineitem,62161,ShareLock,f
1418326685.03568,lineitem,62167,ShareLock,f
1418326685.03568,lineitem,62160,AccessExclusiveLock,t
1418326685.03568,pg_locks,62380,AccessShareLock,t
1418326685.03568,pg_stat_activity,62381,AccessShareLock,t
1418326685.03568,pg_stat_all_indexes,62384,AccessShareLock,t
1418326685.03568,pg_stat_database,62382,AccessShareLock,t
1418326685.03568,pg_statio_all_indexes,62384,AccessShareLock,t
1418326685.03568,pg_statio_all_tables,62383,AccessShareLock,t
1418326745.03676,lineitem,62164,ShareLock,f
1418326745.03676,lineitem,62163,ShareLock,f
1418326745.03676,lineitem,62162,ShareLock,f
1418326745.03676,lineitem,62165,ShareLock,f
1418326745.03676,lineitem,62161,ShareLock,f
1418326745.03676,lineitem,62167,ShareLock,f
1418326745.03676,lineitem,62160,AccessExclusiveLock,t
1418326745.03676,lineitem,62160,ShareLock,t
1418326745.03676,lineitem,62166,ShareLock,f
1418326745.03676,pg_locks,62402,AccessShareLock,t
1418326745.03676,pg_stat_activity,62404,AccessShareLock,t
1418326745.03676,pg_stat_all_tables,62403,AccessShareLock,t
1418326745.03676,pg_statio_all_tables,62403,AccessShareLock,t
1418326805.04168,lineitem,62164,ShareLock,f
1418326805.04168,lineitem,62163,ShareLock,f
1418326805.04168,lineitem,62162,ShareLock,f
1418326805.04168,lineitem,62165,ShareLock,f
1418326805.04168,lineitem,62161,ShareLock,f
1418326805.04168,lineitem,62167,ShareLock,f
1418326805.04168,lineitem,62160,AccessExclusiveLock,t
1418326805.04168,lineitem,62160,ShareLock,t
1418326805.04168,lineitem,62166,ShareLock,f
1418326805.04168,pg_locks,62420,AccessShareLock,t
1418326805.04168,pg_stat_activity,62419,AccessShareLock,t
1418326805.04168,pg_stat_database,62421,AccessShareLock,t
1418326805.04168,pg_statio_all_tables,62422,AccessShareLock,t
1418326865.04559,lineitem,62164,ShareLock,f
1418326865.04559,lineitem,62166,ShareLock,f
1418326865.04559,lineitem,62163,ShareLock,f
1418326865.04559,lineitem,62162,ShareLock,f
1418326865.04559,lineitem,62165,ShareLock,f
1418326865.04559,lineitem,62161,ShareLock,f
1418326865.04559,lineitem,62167,ShareLock,f
1418326865.04559,lineitem,62160,AccessExclusiveLock,t
1418326865.04559,lineitem,62160,ShareLock,t
1418326865.04559,pg_locks,62434,AccessShareLock,t
1418326865.04559,pg_stat_activity,62436,AccessShareLock,t
1418326865.04559,pg_stat_all_indexes,62435,AccessShareLock,t
1418326865.04559,pg_stat_database,62433,AccessShareLock,t
1418326865.04559,pg_statio_all_indexes,62435,AccessShareLock,t
1418326925.05139,lineitem,62164,ShareLock,t
1418326925.05139,lineitem,62167,ShareLock,t
1418326925.05139,lineitem,62166,ShareLock,t
1418326925.05139,lineitem,62163,ShareLock,t
1418326925.05139,lineitem,62162,ShareLock,t
1418326925.05139,lineitem,62165,ShareLock,t
1418326925.05139,lineitem,62161,ShareLock,t
1418326925.05139,pg_locks,62447,AccessShareLock,t
1418326925.05139,pg_stat_activity,62449,AccessShareLock,t
1418326925.05139,pg_stat_all_indexes,62451,AccessShareLock,t
1418326925.05139,pg_stat_all_tables,62448,AccessShareLock,t
1418326925.05139,pg_stat_database,62450,AccessShareLock,t
1418326925.05139,pg_statio_all_tables,62448,AccessShareLock,t
1418326985.0683,lineitem,62164,ShareLock,t
1418326985.0683,lineitem,62166,ShareLock,t
1418326985.0683,lineitem,62163,ShareLock,t
1418326985.0683,lineitem,62162,ShareLock,t
1418326985.0683,lineitem,62165,ShareLock,t
1418326985.0683,lineitem,62161,ShareLock,t
1418326985.0683,lineitem,62167,ShareLock,t
1418326985.0683,pg_locks,62462,AccessShareLock,t
1418326985.0683,pg_stat_activity,62463,AccessShareLock,t
1418326985.0683,pg_stat_all_tables,62464,AccessShareLock,t
1418326985.0683,pg_stat_database,62461,AccessShareLock,t
1418326985.0683,pg_statio_all_tables,62464,AccessShareLock,t
1418327045.05725,lineitem,62164,ShareLock,t
1418327045.05725,lineitem,62167,ShareLock,t
1418327045.05725,lineitem,62166,ShareLock,t
1418327045.05725,lineitem,62163,ShareLock,t
1418327045.05725,lineitem,62162,ShareLock,t
1418327045.05725,lineitem,62165,ShareLock,t
1418327045.05725,lineitem,62161,ShareLock,t
1418327045.05725,pg_locks,62478,AccessShareLock,t
1418327045.05725,pg_stat_activity,62479,AccessShareLock,t
1418327045.05725,pg_stat_all_indexes,62475,AccessShareLock,t
1418327045.05725,pg_stat_all_tables,62476,AccessShareLock,t
1418327045.05725,pg_stat_database,62477,AccessShareLock,t
1418327045.05725,pg_statio_all_indexes,62475,AccessShareLock,t
1418327045.05725,pg_statio_all_tables,62476,AccessShareLock,t
1418327105.0695,lineitem,62167,ShareLock,t
1418327105.0695,lineitem,62164,ShareLock,t
1418327105.0695,lineitem,62161,ShareLock,t
1418327105.0695,lineitem,62165,ShareLock,t
1418327105.0695,lineitem,62162,ShareLock,t
1418327105.0695,lineitem,62163,ShareLock,t
1418327105.0695,pg_locks,62495,AccessShareLock,t
1418327105.0695,pg_stat_activity,62497,AccessShareLock,t
1418327105.0695,pg_stat_all_indexes,62499,AccessShareLock,t
1418327105.0695,pg_stat_all_tables,62496,AccessShareLock,t
1418327105.0695,pg_stat_database,62498,AccessShareLock,t
1418327105.0695,pg_statio_all_indexes,62499,AccessShareLock,t
1418327105.0695,pg_statio_all_tables,62496,AccessShareLock,t
1418327165.09062,lineitem,62167,ShareLock,t
1418327165.09062,lineitem,62164,ShareLock,t
1418327165.09062,lineitem,62161,ShareLock,t
1418327165.09062,lineitem,62162,ShareLock,t
1418327165.09062,lineitem,62163,ShareLock,t
1418327165.09062,pg_locks,62511,AccessShareLock,t
1418327165.09062,pg_stat_activity,62512,AccessShareLock,t
1418327165.09062,pg_stat_all_indexes,62513,AccessShareLock,t
1418327165.09062,pg_stat_all_tables,62509,AccessShareLock,t
1418327165.09062,pg_stat_database,62510,AccessShareLock,t
1418327165.09062,pg_statio_all_indexes,62513,AccessShareLock,t
1418327165.09062,pg_statio_all_tables,62509,AccessShareLock,t
1418327225.0924,lineitem,62167,ShareLock,t
1418327225.0924,lineitem,62164,ShareLock,t
1418327225.0924,lineitem,62161,ShareLock,t
1418327225.0924,lineitem,62162,ShareLock,t
1418327225.0924,lineitem,62163,ShareLock,t
1418327225.0924,pg_locks,62530,AccessShareLock,t
1418327225.0924,pg_stat_activity,62527,AccessShareLock,t
1418327225.0924,pg_stat_all_indexes,62526,AccessShareLock,t
1418327225.0924,pg_stat_all_tables,62528,AccessShareLock,t
1418327225.0924,pg_stat_database,62529,AccessShareLock,t
1418327225.0924,pg_statio_all_indexes,62526,AccessShareLock,t
1418327225.0924,pg_statio_all_tables,62528,AccessShareLock,t
1418327285.12795,lineitem,62167,ShareLock,t
1418327285.12795,lineitem,62164,ShareLock,t
1418327285.12795,lineitem,62161,ShareLock,t
1418327285.12795,lineitem,62162,ShareLock,t
1418327285.12795,lineitem,62163,ShareLock,t
1418327285.12795,pg_locks,62544,AccessShareLock,t
1418327285.12795,pg_stat_activity,62542,AccessShareLock,t
1418327285.12795,pg_stat_all_indexes,62541,AccessShareLock,t
1418327285.12795,pg_stat_all_tables,62540,AccessShareLock,t
1418327285.12795,pg_stat_database,62543,AccessShareLock,t
1418327285.12795,pg_statio_all_indexes,62541,AccessShareLock,t
1418327285.12795,pg_statio_all_tables,62540,AccessShareLock,t
1418327345.12732,lineitem,62167,ShareLock,t
1418327345.12732,lineitem,62161,ShareLock,t
1418327345.12732,lineitem,62162,ShareLock,t
1418327345.12732,lineitem,62163,ShareLock,t
1418327345.12732,pg_locks,62556,AccessShareLock,t
1418327345.12732,pg_stat_all_indexes,62558,AccessShareLock,t
1418327345.12732,pg_stat_all_tables,62557,AccessShareLock,t
1418327345.12732,pg_stat_database,62555,AccessShareLock,t
1418327345.12732,pg_statio_all_tables,62557,AccessShareLock,t
1418327405.13032,lineitem,62167,ShareLock,t
1418327405.13032,lineitem,62161,ShareLock,t
1418327405.13032,lineitem,62162,ShareLock,t
1418327405.13032,lineitem,62163,ShareLock,t
1418327405.13032,pg_locks,62574,AccessShareLock,t
1418327405.13032,pg_stat_all_indexes,62575,AccessShareLock,t
1418327405.13032,pg_stat_all_tables,62572,AccessShareLock,t
1418327405.13032,pg_stat_database,62573,AccessShareLock,t
1418327405.13032,pg_statio_all_indexes,62575,AccessShareLock,t
1418327405.13032,pg_statio_all_tables,62572,AccessShareLock,t
1418327465.13075,lineitem,62167,ShareLock,t
1418327465.13075,lineitem,62161,ShareLock,t
1418327465.13075,lineitem,62162,ShareLock,t
1418327465.13075,lineitem,62163,ShareLock,t
1418327465.13075,pg_locks,62585,AccessShareLock,t
1418327465.13075,pg_stat_activity,62587,AccessShareLock,t
1418327465.13075,pg_stat_all_indexes,62586,AccessShareLock,t
1418327465.13075,pg_stat_database,62588,AccessShareLock,t
1418327465.13075,pg_statio_all_indexes,62586,AccessShareLock,t
1418327465.13075,pg_statio_all_tables,62589,AccessShareLock,t
1418327525.13353,lineitem,62167,ShareLock,t
1418327525.13353,lineitem,62161,ShareLock,t
1418327525.13353,lineitem,62162,ShareLock,t
1418327525.13353,lineitem,62163,ShareLock,t
1418327525.13353,pg_locks,62600,AccessShareLock,t
1418327525.13353,pg_stat_activity,62601,AccessShareLock,t
1418327525.13353,pg_stat_all_indexes,62603,AccessShareLock,t
1418327525.13353,pg_stat_all_tables,62599,AccessShareLock,t
1418327525.13353,pg_stat_database,62602,AccessShareLock,t
1418327525.13353,pg_statio_all_indexes,62603,AccessShareLock,t
1418327525.13353,pg_statio_all_tables,62599,AccessShareLock,t
1418327585.16977,lineitem,62167,ShareLock,t
1418327585.16977,lineitem,62161,ShareLock,t
1418327585.16977,lineitem,62162,ShareLock,t
1418327585.16977,lineitem,62163,ShareLock,t
1418327585.16977,pg_locks,62618,AccessShareLock,t
1418327585.16977,pg_stat_activity,62617,AccessShareLock,t
1418327585.16977,pg_stat_all_indexes,62616,AccessShareLock,t
1418327585.16977,pg_stat_all_tables,62615,AccessShareLock,t
1418327585.16977,pg_stat_database,62614,AccessShareLock,t
1418327585.16977,pg_statio_all_indexes,62616,AccessShareLock,t
1418327585.16977,pg_statio_all_tables,62615,AccessShareLock,t
1418327645.15255,lineitem,62167,ShareLock,t
1418327645.15255,lineitem,62161,ShareLock,t
1418327645.15255,lineitem,62162,ShareLock,t
1418327645.15255,pg_locks,62629,AccessShareLock,t
1418327645.15255,pg_stat_activity,62630,AccessShareLock,t
1418327645.15255,pg_stat_all_indexes,62628,AccessShareLock,t
1418327645.15255,pg_stat_all_tables,62631,AccessShareLock,t
1418327645.15255,pg_stat_database,62632,AccessShareLock,t
1418327645.15255,pg_statio_all_indexes,62628,AccessShareLock,t
1418327645.15255,pg_statio_all_tables,62631,AccessShareLock,t
1418327705.15702,lineitem,62167,ShareLock,t
1418327705.15702,lineitem,62161,ShareLock,t
1418327705.15702,lineitem,62162,ShareLock,t
1418327705.15702,pg_locks,62654,AccessShareLock,t
1418327705.15702,pg_stat_activity,62655,AccessShareLock,t
1418327705.15702,pg_stat_all_indexes,62652,AccessShareLock,t
1418327705.15702,pg_stat_all_tables,62651,AccessShareLock,t
1418327705.15702,pg_stat_database,62653,AccessShareLock,t
1418327705.15702,pg_statio_all_indexes,62652,AccessShareLock,t
1418327705.15702,pg_statio_all_tables,62651,AccessShareLock,t
1418327765.16038,lineitem,62167,ShareLock,t
1418327765.16038,lineitem,62161,ShareLock,t
1418327765.16038,lineitem,62162,ShareLock,t
1418327765.16038,pg_locks,62669,AccessShareLock,t
1418327765.16038,pg_stat_activity,62668,AccessShareLock,t
1418327765.16038,pg_stat_all_indexes,62667,AccessShareLock,t
1418327765.16038,pg_stat_all_tables,62665,AccessShareLock,t
1418327765.16038,pg_stat_database,62666,AccessShareLock,t
1418327765.16038,pg_statio_all_indexes,62667,AccessShareLock,t
1418327765.16038,pg_statio_all_tables,62665,AccessShareLock,t
1418327825.16218,lineitem,62162,ShareLock,t
1418327825.16218,lineitem,62167,ShareLock,t
1418327825.16218,pg_locks,62680,AccessShareLock,t
1418327825.16218,pg_stat_activity,62679,AccessShareLock,t
1418327825.16218,pg_stat_all_indexes,62683,AccessShareLock,t
1418327825.16218,pg_stat_database,62681,AccessShareLock,t
1418327825.16218,pg_statio_all_tables,62682,AccessShareLock,t
1418327885.1686,lineitem,62167,ShareLock,t
1418327885.1686,lineitem,62162,ShareLock,t
1418327885.1686,pg_locks,62695,AccessShareLock,t
1418327885.1686,pg_stat_activity,62697,AccessShareLock,t
1418327885.1686,pg_stat_all_indexes,62698,AccessShareLock,t
1418327885.1686,pg_stat_all_tables,62696,AccessShareLock,t
1418327885.1686,pg_stat_database,62694,AccessShareLock,t
1418327885.1686,pg_statio_all_indexes,62698,AccessShareLock,t
1418327885.1686,pg_statio_all_tables,62696,AccessShareLock,t
1418327945.17133,lineitem,62162,ShareLock,t
1418327945.17133,pg_locks,62709,AccessShareLock,t
1418327945.17133,pg_stat_activity,62710,AccessShareLock,t
1418327945.17133,pg_stat_all_indexes,62708,AccessShareLock,t
1418327945.17133,pg_stat_all_tables,62712,AccessShareLock,t
1418327945.17133,pg_stat_database,62711,AccessShareLock,t
1418327945.17133,pg_statio_all_indexes,62708,AccessShareLock,t
1418327945.17133,pg_statio_all_tables,62712,AccessShareLock,t
1418328005.17224,lineitem,62162,ShareLock,t
1418328005.17224,pg_locks,62961,AccessShareLock,t
1418328005.17224,pg_stat_activity,62962,AccessShareLock,t
1418328065.18,lineitem,62162,ShareLock,t
1418328065.18,pg_locks,62975,AccessShareLock,t
1418328065.18,pg_stat_activity,62977,AccessShareLock,t
1418328065.18,pg_stat_all_indexes,62976,AccessShareLock,t
1418328065.18,pg_stat_all_tables,62978,AccessShareLock,t
1418328065.18,pg_stat_database,62979,AccessShareLock,t
1418328065.18,pg_statio_all_indexes,62976,AccessShareLock,t
1418328065.18,pg_statio_all_tables,62978,AccessShareLock,t
1418328125.18967,lineitem,62162,ShareLock,t
1418328125.18967,pg_locks,62993,AccessShareLock,t
1418328125.18967,pg_stat_all_indexes,62991,AccessShareLock,t
1418328125.18967,pg_stat_all_tables,62992,AccessShareLock,t
1418328125.18967,pg_stat_database,62990,AccessShareLock,t
1418328125.18967,pg_statio_all_indexes,62991,AccessShareLock,t
1418328125.18967,pg_statio_all_tables,62992,AccessShareLock,t
1418328185.19617,lineitem,62162,ShareLock,t
1418328185.19617,pg_locks,63005,AccessShareLock,t
1418328185.19617,pg_stat_activity,63007,AccessShareLock,t
1418328185.19617,pg_stat_all_indexes,63006,AccessShareLock,t
1418328185.19617,pg_stat_all_tables,63004,AccessShareLock,t
1418328185.19617,pg_stat_database,63003,AccessShareLock,t
1418328185.19617,pg_statio_all_tables,63004,AccessShareLock,t
1418328245.20075,lineitem,62162,ShareLock,t
1418328245.20075,pg_locks,63020,AccessShareLock,t
1418328245.20075,pg_stat_all_indexes,63019,AccessShareLock,t
1418328245.20075,pg_stat_all_tables,63017,AccessShareLock,t
1418328245.20075,pg_stat_database,63021,AccessShareLock,t
1418328245.20075,pg_statio_all_indexes,63019,AccessShareLock,t
1418328245.20075,pg_statio_all_tables,63017,AccessShareLock,t
1418328305.20012,lineitem,62162,ShareLock,t
1418328305.20012,pg_locks,63038,AccessShareLock,t
1418328305.20012,pg_stat_activity,63039,AccessShareLock,t
1418328365.20777,lineitem,62162,ShareLock,t
1418328365.20777,pg_locks,63054,AccessShareLock,t
1418328365.20777,pg_stat_activity,63053,AccessShareLock,t
1418328425.21295,lineitem,62162,ShareLock,t
1418328425.21295,pg_locks,63069,AccessShareLock,t
1418328425.21295,pg_stat_activity,63067,AccessShareLock,t
1418328425.21295,pg_stat_all_indexes,63068,AccessShareLock,t
1418328425.21295,pg_stat_all_tables,63066,AccessShareLock,t
1418328425.21295,pg_stat_database,63070,AccessShareLock,t
1418328425.21295,pg_statio_all_indexes,63068,AccessShareLock,t
1418328425.21295,pg_statio_all_tables,63066,AccessShareLock,t
1418328485.21703,lineitem,62162,ShareLock,t
1418328485.21703,pg_locks,63084,AccessShareLock,t
1418328485.21703,pg_stat_all_indexes,63081,AccessShareLock,t
1418328485.21703,pg_stat_all_tables,63080,AccessShareLock,t
1418328485.21703,pg_stat_database,63082,AccessShareLock,t
1418328485.21703,pg_statio_all_indexes,63081,AccessShareLock,t
1418328485.21703,pg_statio_all_tables,63080,AccessShareLock,t
1418328545.21771,lineitem,62162,ShareLock,t
1418328545.21771,pg_locks,63101,AccessShareLock,t
1418328545.21771,pg_stat_activity,63102,AccessShareLock,t
1418328545.21771,pg_stat_all_indexes,63104,AccessShareLock,t
1418328545.21771,pg_stat_database,63105,AccessShareLock,t
1418328545.21771,pg_statio_all_tables,63103,AccessShareLock,t
1418328605.22388,lineitem,62162,ShareLock,t
1418328605.22388,pg_locks,63118,AccessShareLock,t
1418328605.22388,pg_stat_activity,63119,AccessShareLock,t
1418328605.22388,pg_stat_database,63120,AccessShareLock,t
1418328605.22388,pg_statio_all_tables,63121,AccessShareLock,t
1418328665.22806,lineitem,62162,ShareLock,t
1418328665.22806,pg_locks,63133,AccessShareLock,t
1418328665.22806,pg_stat_all_indexes,63136,AccessShareLock,t
1418328665.22806,pg_stat_all_tables,63134,AccessShareLock,t
1418328665.22806,pg_stat_database,63135,AccessShareLock,t
1418328665.22806,pg_statio_all_indexes,63136,AccessShareLock,t
1418328665.22806,pg_statio_all_tables,63134,AccessShareLock,t
1418328725.2327,lineitem,62162,ShareLock,t
1418328725.2327,pg_locks,63151,AccessShareLock,t
1418328725.2327,pg_stat_all_indexes,63150,AccessShareLock,t
1418328725.2327,pg_stat_all_tables,63148,AccessShareLock,t
1418328725.2327,pg_stat_database,63147,AccessShareLock,t
1418328725.2327,pg_statio_all_indexes,63150,AccessShareLock,t
1418328725.2327,pg_statio_all_tables,63148,AccessShareLock,t
1418328785.23564,lineitem,62162,ShareLock,t
1418328785.23564,pg_locks,63165,AccessShareLock,t
1418328785.23564,pg_stat_activity,63164,AccessShareLock,t
1418328785.23564,pg_stat_all_indexes,63163,AccessShareLock,t
1418328785.23564,pg_stat_all_tables,63162,AccessShareLock,t
1418328785.23564,pg_stat_database,63161,AccessShareLock,t
1418328785.23564,pg_statio_all_indexes,63163,AccessShareLock,t
1418328785.23564,pg_statio_all_tables,63162,AccessShareLock,t
1418328845.23681,lineitem,62162,ShareLock,t
1418328845.23681,pg_locks,63175,AccessShareLock,t
1418328905.24353,lineitem,62162,ShareLock,t
1418328905.24353,pg_locks,63198,AccessShareLock,t
1418328905.24353,pg_stat_activity,63196,AccessShareLock,t
1418328905.24353,pg_stat_all_indexes,63197,AccessShareLock,t
1418328905.24353,pg_stat_all_tables,63199,AccessShareLock,t
1418328905.24353,pg_stat_database,63195,AccessShareLock,t
1418328905.24353,pg_statio_all_indexes,63197,AccessShareLock,t
1418328905.24353,pg_statio_all_tables,63199,AccessShareLock,t
1418328965.24724,lineitem,62162,ShareLock,t
1418328965.24724,pg_locks,63209,AccessShareLock,t
1418328965.24724,pg_stat_activity,63211,AccessShareLock,t
1418328965.24724,pg_stat_all_indexes,63213,AccessShareLock,t
1418328965.24724,pg_stat_all_tables,63212,AccessShareLock,t
1418328965.24724,pg_stat_database,63210,AccessShareLock,t
1418328965.24724,pg_statio_all_tables,63212,AccessShareLock,t
1418329025.24839,lineitem,62162,ShareLock,t
1418329025.24839,pg_locks,63226,AccessShareLock,t
1418329025.24839,pg_stat_activity,63228,AccessShareLock,t
1418329025.24839,pg_statio_all_tables,63227,AccessShareLock,t
1418329085.25496,lineitem,62162,ShareLock,t
1418329085.25496,pg_locks,63243,AccessShareLock,t
1418329085.25496,pg_stat_all_indexes,63242,AccessShareLock,t
1418329085.25496,pg_stat_all_tables,63241,AccessShareLock,t
1418329085.25496,pg_stat_database,63244,AccessShareLock,t
1418329085.25496,pg_statio_all_indexes,63242,AccessShareLock,t
1418329085.25496,pg_statio_all_tables,63241,AccessShareLock,t
1418329145.25823,lineitem,62162,ShareLock,t
1418329145.25823,pg_locks,63255,AccessShareLock,t
1418329145.25823,pg_stat_activity,63257,AccessShareLock,t
1418329145.25823,pg_stat_all_indexes,63256,AccessShareLock,t
1418329145.25823,pg_stat_database,63258,AccessShareLock,t
1418329145.25823,pg_statio_all_indexes,63256,AccessShareLock,t
1418329145.25823,pg_statio_all_tables,63259,AccessShareLock,t
1418329205.26207,lineitem,62162,ShareLock,t
1418329205.26207,pg_locks,63272,AccessShareLock,t
1418329205.26207,pg_stat_activity,63273,AccessShareLock,t
1418329205.26207,pg_stat_all_indexes,63276,AccessShareLock,t
1418329205.26207,pg_stat_all_tables,63275,AccessShareLock,t
1418329205.26207,pg_stat_database,63274,AccessShareLock,t
1418329205.26207,pg_statio_all_indexes,63276,AccessShareLock,t
1418329205.26207,pg_statio_all_tables,63275,AccessShareLock,t
1418329265.26764,lineitem,62162,ShareLock,t
1418329265.26764,pg_locks,63291,AccessShareLock,t
1418329265.26764,pg_stat_activity,63288,AccessShareLock,t
1418329265.26764,pg_stat_all_indexes,63287,AccessShareLock,t
1418329265.26764,pg_stat_all_tables,63290,AccessShareLock,t
1418329265.26764,pg_stat_database,63289,AccessShareLock,t
1418329265.26764,pg_statio_all_indexes,63287,AccessShareLock,t
1418329265.26764,pg_statio_all_tables,63290,AccessShareLock,t
1418329325.27053,lineitem,62162,ShareLock,t
1418329325.27053,pg_locks,63301,AccessShareLock,t
1418329325.27053,pg_stat_activity,63304,AccessShareLock,t
1418329325.27053,pg_stat_all_indexes,63302,AccessShareLock,t
1418329325.27053,pg_stat_all_tables,63303,AccessShareLock,t
1418329325.27053,pg_stat_database,63305,AccessShareLock,t
1418329325.27053,pg_statio_all_indexes,63302,AccessShareLock,t
1418329325.27053,pg_statio_all_tables,63303,AccessShareLock,t
1418329385.2753,lineitem,62162,ShareLock,t
1418329385.2753,pg_locks,63315,AccessShareLock,t
1418329385.2753,pg_stat_activity,63317,AccessShareLock,t
1418329385.2753,pg_stat_all_indexes,63316,AccessShareLock,t
1418329385.2753,pg_statio_all_indexes,63316,AccessShareLock,t
1418329385.2753,pg_statio_all_tables,63318,AccessShareLock,t
1418329445.27789,lineitem,62162,ShareLock,t
1418329445.27789,pg_locks,63329,AccessShareLock,t
1418329445.27789,pg_stat_activity,63333,AccessShareLock,t
1418329445.27789,pg_stat_all_indexes,63332,AccessShareLock,t
1418329445.27789,pg_stat_all_tables,63331,AccessShareLock,t
1418329445.27789,pg_stat_database,63330,AccessShareLock,t
1418329445.27789,pg_statio_all_indexes,63332,AccessShareLock,t
1418329445.27789,pg_statio_all_tables,63331,AccessShareLock,t
1418329505.28296,lineitem,62162,ShareLock,t
1418329505.28296,pg_locks,63350,AccessShareLock,t
1418329505.28296,pg_stat_all_indexes,63352,AccessShareLock,t
1418329505.28296,pg_stat_all_tables,63353,AccessShareLock,t
1418329505.28296,pg_stat_database,63351,AccessShareLock,t
1418329505.28296,pg_statio_all_indexes,63352,AccessShareLock,t
1418329505.28296,pg_statio_all_tables,63353,AccessShareLock,t
1418329565.28724,lineitem,62162,ShareLock,t
1418329565.28724,pg_locks,63365,AccessShareLock,t
1418329565.28724,pg_stat_activity,63368,AccessShareLock,t
1418329565.28724,pg_stat_all_indexes,63367,AccessShareLock,t
1418329565.28724,pg_stat_all_tables,63366,AccessShareLock,t
1418329565.28724,pg_statio_all_indexes,63367,AccessShareLock,t
1418329565.28724,pg_statio_all_tables,63366,AccessShareLock,t
1418329625.29228,lineitem,62162,ShareLock,t
1418329625.29228,pg_locks,63383,AccessShareLock,t
1418329625.29228,pg_stat_activity,63381,AccessShareLock,t
1418329625.29228,pg_stat_all_indexes,63379,AccessShareLock,t
1418329625.29228,pg_stat_database,63380,AccessShareLock,t
1418329625.29228,pg_statio_all_indexes,63379,AccessShareLock,t
1418329625.29228,pg_statio_all_tables,63382,AccessShareLock,t
1418329685.3058,lineitem,62162,ShareLock,t
1418329685.3058,pg_locks,63393,AccessShareLock,t
1418329685.3058,pg_stat_activity,63396,AccessShareLock,t
1418329685.3058,pg_stat_all_indexes,63395,AccessShareLock,t
1418329685.3058,pg_stat_all_tables,63394,AccessShareLock,t
1418329685.3058,pg_stat_database,63397,AccessShareLock,t
1418329685.3058,pg_statio_all_indexes,63395,AccessShareLock,t
1418329685.3058,pg_statio_all_tables,63394,AccessShareLock,t
1418329745.31054,lineitem,62162,ShareLock,t
1418329745.31054,pg_locks,63408,AccessShareLock,t
1418329745.31054,pg_stat_activity,63407,AccessShareLock,t
1418329745.31054,pg_stat_all_indexes,63410,AccessShareLock,t
1418329745.31054,pg_stat_all_tables,63409,AccessShareLock,t
1418329745.31054,pg_stat_database,63411,AccessShareLock,t
1418329745.31054,pg_statio_all_indexes,63410,AccessShareLock,t
1418329745.31054,pg_statio_all_tables,63409,AccessShareLock,t
1418329805.31452,lineitem,63416,ShareUpdateExclusiveLock,t
1418329805.31452,lineitem_l_orderkey_idx,63416,AccessShareLock,t
1418329805.31452,lineitem_l_orderkey_idx_l_returnflag,63416,AccessShareLock,t
1418329805.31452,lineitem_l_orderkey_idx_part1,63416,AccessShareLock,t
1418329805.31452,lineitem_l_orderkey_l_linenumber_l_shipdate_idx,63416,AccessShareLock,t
1418329805.31452,lineitem_l_partkey_l_quantity_l_shipmode_idx,63416,AccessShareLock,t
1418329805.31452,lineitem_l_receiptdate_idx_brin,63416,AccessShareLock,t
1418329805.31452,lineitem_l_shipdate_idx_brin,63416,AccessShareLock,t
1418329805.31452,pg_locks,63426,AccessShareLock,t
1418329805.31452,pg_stat_activity,63430,AccessShareLock,t
1418329805.31452,pg_stat_all_indexes,63427,AccessShareLock,t
1418329805.31452,pg_stat_all_tables,63428,AccessShareLock,t
1418329805.31452,pg_stat_database,63429,AccessShareLock,t
1418329805.31452,pg_statio_all_indexes,63427,AccessShareLock,t
1418329805.31452,pg_statio_all_tables,63428,AccessShareLock,t
1418329805.31452,pk_lineitem,63416,AccessShareLock,t
